keyword,num_speakers,core_if_limit_1000
down,1668,True
seven,1656,True
yes,1646,True
nine,1645,True
four,1631,True
five,1624,True
go,1612,True
left,1611,True
one,1608,True
right,1606,True
on,1603,True
zero,1602,True
no,1590,True
three,1586,True
stop,1586,True
six,1583,True
eight,1566,True
dog,1565,True
off,1564,True
two,1562,True
marvin,1557,True
up,1547,True
house,1529,True
wow,1526,True
bird,1513,True
happy,1503,True
cat,1488,True
bed,1454,True
sheila,1442,True
tree,1249,True
visual,515,False
learn,506,False
follow,471,False
forward,468,False
backward,464,False
