experiment_id,way,shot,flag,background,silence,unknown,train_query,test_query,train_episodes,test_episodes,epochs,encoder,optimizer,learning_rate,decay_every,weight_decay,patience,status,train_status,eval_status,result_dir,return_code,elapsed_minutes,test_loss_mean,test_loss_ci95,test_acc_mean,test_acc_ci95,error
1,2,1,0,False,False,False,5,15,200,100,200,TCResNet8Dilated,Adam,0.001,20,0.0,200,pending,pending,pending,,,,,,,,
2,2,1,1,True,False,False,5,15,200,100,200,TCResNet8Dilated,Adam,0.001,20,0.0,200,pending,pending,pending,,,,,,,,
3,2,1,2,False,True,False,5,15,200,100,200,TCResNet8Dilated,Adam,0.001,20,0.0,200,pending,pending,pending,,,,,,,,
4,2,1,3,False,False,True,5,15,200,100,200,TCResNet8Dilated,Adam,0.001,20,0.0,200,pending,pending,pending,,,,,,,,
5,2,1,4,True,True,False,5,15,200,100,200,TCResNet8Dilated,Adam,0.001,20,0.0,200,pending,pending,pending,,,,,,,,
6,2,1,5,True,False,True,5,15,200,100,200,TCResNet8Dilated,Adam,0.001,20,0.0,200,pending,pending,pending,,,,,,,,
7,2,1,6,False,True,True,5,15,200,100,200,TCResNet8Dilated,Adam,0.001,20,0.0,200,pending,pending,pending,,,,,,,,
8,2,1,7,True,True,True,5,15,200,100,200,TCResNet8Dilated,Adam,0.001,20,0.0,200,pending,pending,pending,,,,,,,,
9,2,5,0,False,False,False,5,15,200,100,200,TCResNet8Dilated,Adam,0.001,20,0.0,200,pending,pending,pending,,,,,,,,
10,2,5,1,True,False,False,5,15,200,100,200,TCResNet8Dilated,Adam,0.001,20,0.0,200,pending,pending,pending,,,,,,,,
11,2,5,2,False,True,False,5,15,200,100,200,TCResNet8Dilated,Adam,0.001,20,0.0,200,pending,pending,pending,,,,,,,,
12,2,5,3,False,False,True,5,15,200,100,200,TCResNet8Dilated,Adam,0.001,20,0.0,200,pending,pending,pending,,,,,,,,
13,2,5,4,True,True,False,5,15,200,100,200,TCResNet8Dilated,Adam,0.001,20,0.0,200,pending,pending,pending,,,,,,,,
14,2,5,5,True,False,True,5,15,200,100,200,TCResNet8Dilated,Adam,0.001,20,0.0,200,pending,pending,pending,,,,,,,,
15,2,5,6,False,True,True,5,15,200,100,200,TCResNet8Dilated,Adam,0.001,20,0.0,200,pending,pending,pending,,,,,,,,
16,2,5,7,True,True,True,5,15,200,100,200,TCResNet8Dilated,Adam,0.001,20,0.0,200,pending,pending,pending,,,,,,,,
17,2,10,0,False,False,False,5,15,200,100,200,TCResNet8Dilated,Adam,0.001,20,0.0,200,pending,pending,pending,,,,,,,,
18,2,10,1,True,False,False,5,15,200,100,200,TCResNet8Dilated,Adam,0.001,20,0.0,200,pending,pending,pending,,,,,,,,
19,2,10,2,False,True,False,5,15,200,100,200,TCResNet8Dilated,Adam,0.001,20,0.0,200,pending,pending,pending,,,,,,,,
20,2,10,3,False,False,True,5,15,200,100,200,TCResNet8Dilated,Adam,0.001,20,0.0,200,pending,pending,pending,,,,,,,,
21,2,10,4,True,True,False,5,15,200,100,200,TCResNet8Dilated,Adam,0.001,20,0.0,200,pending,pending,pending,,,,,,,,
22,2,10,5,True,False,True,5,15,200,100,200,TCResNet8Dilated,Adam,0.001,20,0.0,200,pending,pending,pending,,,,,,,,
23,2,10,6,False,True,True,5,15,200,100,200,TCResNet8Dilated,Adam,0.001,20,0.0,200,pending,pending,pending,,,,,,,,
24,2,10,7,True,True,True,5,15,200,100,200,TCResNet8Dilated,Adam,0.001,20,0.0,200,pending,pending,pending,,,,,,,,
25,2,15,0,False,False,False,5,15,200,100,200,TCResNet8Dilated,Adam,0.001,20,0.0,200,pending,pending,pending,,,,,,,,
26,2,15,1,True,False,False,5,15,200,100,200,TCResNet8Dilated,Adam,0.001,20,0.0,200,pending,pending,pending,,,,,,,,
27,2,15,2,False,True,False,5,15,200,100,200,TCResNet8Dilated,Adam,0.001,20,0.0,200,pending,pending,pending,,,,,,,,
28,2,15,3,False,False,True,5,15,200,100,200,TCResNet8Dilated,Adam,0.001,20,0.0,200,pending,pending,pending,,,,,,,,
29,2,15,4,True,True,False,5,15,200,100,200,TCResNet8Dilated,Adam,0.001,20,0.0,200,pending,pending,pending,,,,,,,,
30,2,15,5,True,False,True,5,15,200,100,200,TCResNet8Dilated,Adam,0.001,20,0.0,200,pending,pending,pending,,,,,,,,
31,2,15,6,False,True,True,5,15,200,100,200,TCResNet8Dilated,Adam,0.001,20,0.0,200,pending,pending,pending,,,,,,,,
32,2,15,7,True,True,True,5,15,200,100,200,TCResNet8Dilated,Adam,0.001,20,0.0,200,pending,pending,pending,,,,,,,,
33,2,20,0,False,False,False,5,15,200,100,200,TCResNet8Dilated,Adam,0.001,20,0.0,200,pending,pending,pending,,,,,,,,
34,2,20,1,True,False,False,5,15,200,100,200,TCResNet8Dilated,Adam,0.001,20,0.0,200,pending,pending,pending,,,,,,,,
35,2,20,2,False,True,False,5,15,200,100,200,TCResNet8Dilated,Adam,0.001,20,0.0,200,pending,pending,pending,,,,,,,,
36,2,20,3,False,False,True,5,15,200,100,200,TCResNet8Dilated,Adam,0.001,20,0.0,200,pending,pending,pending,,,,,,,,
37,2,20,4,True,True,False,5,15,200,100,200,TCResNet8Dilated,Adam,0.001,20,0.0,200,pending,pending,pending,,,,,,,,
38,2,20,5,True,False,True,5,15,200,100,200,TCResNet8Dilated,Adam,0.001,20,0.0,200,pending,pending,pending,,,,,,,,
39,2,20,6,False,True,True,5,15,200,100,200,TCResNet8Dilated,Adam,0.001,20,0.0,200,pending,pending,pending,,,,,,,,
40,2,20,7,True,True,True,5,15,200,100,200,TCResNet8Dilated,Adam,0.001,20,0.0,200,pending,pending,pending,,,,,,,,
41,3,1,0,False,False,False,5,15,200,100,200,TCResNet8Dilated,Adam,0.001,20,0.0,200,pending,pending,pending,,,,,,,,
42,3,1,1,True,False,False,5,15,200,100,200,TCResNet8Dilated,Adam,0.001,20,0.0,200,pending,pending,pending,,,,,,,,
43,3,1,2,False,True,False,5,15,200,100,200,TCResNet8Dilated,Adam,0.001,20,0.0,200,pending,pending,pending,,,,,,,,
44,3,1,3,False,False,True,5,15,200,100,200,TCResNet8Dilated,Adam,0.001,20,0.0,200,pending,pending,pending,,,,,,,,
45,3,1,4,True,True,False,5,15,200,100,200,TCResNet8Dilated,Adam,0.001,20,0.0,200,pending,pending,pending,,,,,,,,
46,3,1,5,True,False,True,5,15,200,100,200,TCResNet8Dilated,Adam,0.001,20,0.0,200,pending,pending,pending,,,,,,,,
47,3,1,6,False,True,True,5,15,200,100,200,TCResNet8Dilated,Adam,0.001,20,0.0,200,pending,pending,pending,,,,,,,,
48,3,1,7,True,True,True,5,15,200,100,200,TCResNet8Dilated,Adam,0.001,20,0.0,200,pending,pending,pending,,,,,,,,
49,3,5,0,False,False,False,5,15,200,100,200,TCResNet8Dilated,Adam,0.001,20,0.0,200,pending,pending,pending,,,,,,,,
50,3,5,1,True,False,False,5,15,200,100,200,TCResNet8Dilated,Adam,0.001,20,0.0,200,pending,pending,pending,,,,,,,,
51,3,5,2,False,True,False,5,15,200,100,200,TCResNet8Dilated,Adam,0.001,20,0.0,200,pending,pending,pending,,,,,,,,
52,3,5,3,False,False,True,5,15,200,100,200,TCResNet8Dilated,Adam,0.001,20,0.0,200,done,done,done,/kaggle/working/Few-Shot-KWS/results/paper_full_reproduction/exp_052/2026-10-02 08:27:24,0.0,14.71597900390625,0.4235244089365006,0.0296507604064956,0.8556667119264605,0.0107013713588655,
53,3,5,4,True,True,False,5,15,200,100,200,TCResNet8Dilated,Adam,0.001,20,0.0,200,done,done,done,/kaggle/working/Few-Shot-KWS/results/paper_full_reproduction/exp_053/2026-10-02 08:27:24,0.0,14.550167612234752,0.6760913914442062,0.0319253643318743,0.7011667066812516,0.0176328802946124,
54,3,5,5,True,False,True,5,15,200,100,200,TCResNet8Dilated,Adam,0.001,20,0.0,200,done,done,done,/kaggle/working/Few-Shot-KWS/results/paper_full_reproduction/exp_054/2026-10-02 08:27:24,0.0,14.862363421916962,0.491675288081169,0.0252612810760015,0.8156667113304139,0.0122651800329474,
55,3,5,6,False,True,True,5,15,200,100,200,TCResNet8Dilated,Adam,0.001,20,0.0,200,done,done,done,/kaggle/working/Few-Shot-KWS/results/paper_full_reproduction/exp_055/2026-10-02 08:27:24,0.0,15.220984335740408,0.3647710809111594,0.0221298591990296,0.8744000226259229,0.0089777094536021,
56,3,5,7,True,True,True,5,15,200,100,200,TCResNet8Dilated,Adam,0.001,20,0.0,200,done,done,done,/kaggle/working/Few-Shot-KWS/results/paper_full_reproduction/exp_056/2026-10-02 08:41:56,0.0,14.651583898067477,0.3765741324424744,0.0194775848760986,0.866800019741058,0.0084088581985757,
57,3,10,0,False,False,False,5,15,200,100,200,TCResNet8Dilated,Adam,0.001,20,0.0,200,done,done,done,/kaggle/working/Few-Shot-KWS/results/paper_full_reproduction/exp_057/2026-10-02 08:42:06,0.0,12.81792402267456,0.2040789583325386,0.0172870006030341,0.9280000042915344,0.0080745554120435,
58,3,10,1,True,False,False,5,15,200,100,200,TCResNet8Dilated,Adam,0.001,20,0.0,200,done,done,done,/kaggle/working/Few-Shot-KWS/results/paper_full_reproduction/exp_058/2026-10-02 08:42:15,0.0,13.171463890870411,0.2774708741903305,0.0202261036007628,0.8904444509744645,0.0118476635708683,
59,3,10,2,False,True,False,5,15,200,100,200,TCResNet8Dilated,Adam,0.001,20,0.0,200,done,done,done,/kaggle/working/Few-Shot-KWS/results/paper_full_reproduction/exp_059/2026-10-02 08:42:37,0.0,13.336800416310629,0.5095070724189285,0.0343535030628323,0.7420000422000885,0.0218197099572939,
60,3,10,3,False,False,True,5,15,200,100,200,TCResNet8Dilated,Adam,0.001,20,0.0,200,done,done,done,/kaggle/working/Few-Shot-KWS/results/paper_full_reproduction/exp_060/2026-10-02 08:54:55,0.0,13.546256053447724,0.376018309891224,0.0241696314832111,0.8755000436306,0.0100814342871326,
61,3,10,4,True,True,False,5,15,200,100,200,TCResNet8Dilated,Adam,0.001,20,0.0,200,done,done,done,/kaggle/working/Few-Shot-KWS/results/paper_full_reproduction/exp_061/2026-10-02 08:55:25,0.0,13.057099493344625,0.5299776732921601,0.029967391028919,0.7385000413656236,0.0194437156342357,
62,3,10,5,True,False,True,5,15,200,100,200,TCResNet8Dilated,Adam,0.001,20,0.0,200,done,done,done,/kaggle/working/Few-Shot-KWS/results/paper_full_reproduction/exp_062/2026-10-02 08:55:56,0.0,13.419023978710175,0.4176068954169749,0.0270636031275897,0.8520000451803209,0.0110293402405039,
63,3,10,6,False,True,True,5,15,200,100,200,TCResNet8Dilated,Adam,0.001,20,0.0,200,done,done,done,/kaggle/working/Few-Shot-KWS/results/paper_full_reproduction/exp_063/2026-10-02 08:56:35,0.0,13.876101875305176,0.3615906513482331,0.0235473968950773,0.8849333548545838,0.0075910363467394,
64,3,10,7,True,True,True,5,15,200,100,200,TCResNet8Dilated,Adam,0.001,20,0.0,200,done,done,done,/kaggle/working/Few-Shot-KWS/results/paper_full_reproduction/exp_064/2026-10-02 09:08:28,0.0,15.944297480583192,0.357204874008894,0.0176158524298355,0.8745333546400071,0.0073457025603584,
65,3,15,0,False,False,False,5,15,200,100,200,TCResNet8Dilated,Adam,0.001,20,0.0,200,done,done,done,/kaggle/working/Few-Shot-KWS/results/paper_full_reproduction/exp_065/2026-10-02 09:08:29,0.0,14.358668001492818,0.2003867203742265,0.0199692941540677,0.9217777824401854,0.0093371114357594,
66,3,15,1,True,False,False,5,15,200,100,200,TCResNet8Dilated,Adam,0.001,20,0.0,200,done,done,done,/kaggle/working/Few-Shot-KWS/results/paper_full_reproduction/exp_066/2026-10-02 09:09:22,0.0,14.589082753658294,0.2194781168550252,0.0187640173668179,0.9200000047683716,0.0087330806408845,
67,3,15,2,False,True,False,5,15,200,100,200,TCResNet8Dilated,Adam,0.001,20,0.0,200,done,done,done,/kaggle/working/Few-Shot-KWS/results/paper_full_reproduction/exp_067/2026-10-02 09:10:28,0.0,15.690121074517569,0.5005915118753912,0.03080347405703,0.7506667047739026,0.0216781650363162,
68,3,15,3,False,False,True,5,15,200,100,200,TCResNet8Dilated,Adam,0.001,20,0.0,200,done,done,done,/kaggle/working/Few-Shot-KWS/results/paper_full_reproduction/exp_068/2026-10-02 09:22:51,0.0,16.27310777902603,0.3613115886598826,0.0242933341804685,0.8753333777189257,0.0104801087425421,
69,3,15,4,True,True,False,5,15,200,100,200,TCResNet8Dilated,Adam,0.001,20,0.0,200,done,done,done,/kaggle/working/Few-Shot-KWS/results/paper_full_reproduction/exp_069/2026-10-02 09:23:58,0.0,15.86059084335963,0.5031518644094467,0.0309890903694454,0.7463333719968797,0.0209584699959403,
70,3,15,5,True,False,True,5,15,200,100,200,TCResNet8Dilated,Adam,0.001,20,0.0,200,done,done,done,/kaggle/working/Few-Shot-KWS/results/paper_full_reproduction/exp_070/2026-10-02 09:24:26,0.0,15.840084954102831,0.3777340978384019,0.026042057146057,0.8693333804607393,0.0099117710550517,
71,3,15,6,False,True,True,5,15,200,100,200,TCResNet8Dilated,Adam,0.001,20,0.0,200,done,done,done,/kaggle/working/Few-Shot-KWS/results/paper_full_reproduction/exp_071/2026-10-02 09:26:10,0.0,15.454723453521728,0.2737112201005219,0.0178681013426171,0.9061333578824996,0.0074281183409704,
72,3,15,7,True,True,True,5,15,200,100,200,TCResNet8Dilated,Adam,0.001,20,0.0,200,done,done,done,/kaggle/working/Few-Shot-KWS/results/paper_full_reproduction/exp_072/2026-10-02 09:45:10,0.0,21.19459054072698,0.3298191010951996,0.0227922169112502,0.887733356952667,0.008156368448011,
73,3,20,0,False,False,False,5,15,200,100,200,TCResNet8Dilated,Adam,0.001,20,0.0,200,done,done,done,/kaggle/working/Few-Shot-KWS/results/paper_full_reproduction/exp_073/2026-10-02 09:45:10,0.0,19.852470974127453,0.1962385070882738,0.020152282635561,0.9304444485902784,0.0097226778025989,
74,3,20,1,True,False,False,5,15,200,100,200,TCResNet8Dilated,Adam,0.001,20,0.0,200,done,done,done,/kaggle/working/Few-Shot-KWS/results/paper_full_reproduction/exp_074/2026-10-02 09:45:10,0.0,19.76657292048136,0.2653424816019833,0.0241941436982857,0.9042222279310224,0.0106634084816563,
75,3,20,2,False,True,False,5,15,200,100,200,TCResNet8Dilated,Adam,0.001,20,0.0,200,done,done,done,/kaggle/working/Few-Shot-KWS/results/paper_full_reproduction/exp_075/2026-10-02 09:45:10,0.0,19.95787535508473,0.4763180814683438,0.0290884659484854,0.7548333722352981,0.0210545012520314,
76,3,20,3,False,False,True,5,15,200,100,200,TCResNet8Dilated,Adam,0.001,20,0.0,200,done,done,done,/kaggle/working/Few-Shot-KWS/results/paper_full_reproduction/exp_076/2026-10-02 09:45:10,0.0,20.06767894824345,0.3298794936388731,0.0256338270914222,0.8820000445842745,0.0110722578610214,
77,3,20,4,True,True,False,5,15,200,100,200,TCResNet8Dilated,Adam,0.001,20,0.0,200,done,done,done,/kaggle/working/Few-Shot-KWS/results/paper_full_reproduction/exp_077/2026-10-02 10:07:19,0.0,16.419474891821544,0.5176678150892257,0.0285112815774445,0.7465000420808793,0.0194913326477866,
78,3,20,5,True,False,True,5,15,200,100,200,TCResNet8Dilated,Adam,0.001,20,0.0,200,done,done,done,/kaggle/working/Few-Shot-KWS/results/paper_full_reproduction/exp_078/2026-10-02 10:07:19,0.0,16.742616657416026,0.3821389047801495,0.0235539822798667,0.8715000468492509,0.0097867373730542,
79,3,20,6,False,True,True,5,15,200,100,200,TCResNet8Dilated,Adam,0.001,20,0.0,200,done,done,done,/kaggle/working/Few-Shot-KWS/results/paper_full_reproduction/exp_079/2026-10-02 10:07:19,0.0,17.526039012273152,0.2545701195299625,0.0192600949075635,0.909200024008751,0.0077354300444264,
80,3,20,7,True,True,True,5,15,200,100,200,TCResNet8Dilated,Adam,0.001,20,0.0,200,done,done,done,/kaggle/working/Few-Shot-KWS/results/paper_full_reproduction/exp_080/2026-10-02 10:07:19,0.0,17.435893392562868,0.3145661213994026,0.0279928126630579,0.8973333561420442,0.0095750206458578,
81,4,1,0,False,False,False,5,15,200,100,200,TCResNet8Dilated,Adam,0.001,20,0.0,200,done,done,done,/kaggle/working/Few-Shot-KWS/results/paper_full_reproduction/exp_081/2026-10-02 10:23:44,0.0,16.729359722137453,0.7289740824699399,0.0504844248360921,0.7260000401735303,0.019711432764871,
82,4,1,1,True,False,False,5,15,200,100,200,TCResNet8Dilated,Adam,0.001,20,0.0,200,done,done,done,/kaggle/working/Few-Shot-KWS/results/paper_full_reproduction/exp_082/2026-10-02 10:24:03,0.0,16.966944229602813,0.7631227195262907,0.0624260083679933,0.7230000406503675,0.0231676902052874,
83,4,1,2,False,True,False,5,15,200,100,200,TCResNet8Dilated,Adam,0.001,20,0.0,200,done,done,done,/kaggle/working/Few-Shot-KWS/results/paper_full_reproduction/exp_083/2026-10-02 10:24:45,0.0,17.594944230715434,0.9962481963634492,0.0441252537172324,0.5896000167727468,0.0169060855022654,
84,4,1,3,False,False,True,5,15,200,100,200,TCResNet8Dilated,Adam,0.001,20,0.0,200,done,done,done,/kaggle/working/Few-Shot-KWS/results/paper_full_reproduction/exp_084/2026-10-02 10:24:50,0.0,18.203636209170025,0.8068272578716277,0.0440444998365175,0.6941333481669427,0.019717363894089,
85,4,1,4,True,True,False,5,15,200,100,200,TCResNet8Dilated,Adam,0.001,20,0.0,200,done,done,done,/kaggle/working/Few-Shot-KWS/results/paper_full_reproduction/exp_085/2026-10-02 10:40:29,0.0,17.86503314971924,1.0734376960992809,0.050881599444644,0.5705333471298218,0.0184053486395118,
86,4,1,5,True,False,True,5,15,200,100,200,TCResNet8Dilated,Adam,0.001,20,0.0,200,done,done,done,/kaggle/working/Few-Shot-KWS/results/paper_full_reproduction/exp_086/2026-10-02 10:41:03,0.0,18.03452229499817,0.9715725418925288,0.0553143082741883,0.6456000149250029,0.019489896365607,
87,4,1,6,False,True,True,5,15,200,100,200,TCResNet8Dilated,Adam,0.001,20,0.0,200,done,done,done,/kaggle/working/Few-Shot-KWS/results/paper_full_reproduction/exp_087/2026-10-02 10:42:22,0.0,18.64667052825292,0.7952974039316175,0.0668645738158942,0.7390000200271608,0.0181084970704796,
88,4,1,7,True,True,True,5,15,200,100,200,TCResNet8Dilated,Adam,0.001,20,0.0,200,done,done,done,/kaggle/working/Few-Shot-KWS/results/paper_full_reproduction/exp_088/2026-10-02 10:43:04,0.0,18.38392022450765,0.8063915836811069,0.0511490664966346,0.7146666854619981,0.0157586298181567,
89,4,5,0,False,False,False,5,15,200,100,200,TCResNet8Dilated,Adam,0.001,20,0.0,200,done,done,done,/kaggle/working/Few-Shot-KWS/results/paper_full_reproduction/exp_089/2026-10-02 10:58:19,0.0,15.23835785786311,0.3240373778343202,0.0210236927291132,0.8873333793878555,0.0088110129458639,
90,4,5,1,True,False,False,5,15,200,100,200,TCResNet8Dilated,Adam,0.001,20,0.0,200,done,done,done,/kaggle/working/Few-Shot-KWS/results/paper_full_reproduction/exp_090/2026-10-02 10:59:03,0.0,15.240597343444824,0.390064833983779,0.0244385411677656,0.856000046133995,0.0114252696522789,
91,4,5,2,False,True,False,5,15,200,100,200,TCResNet8Dilated,Adam,0.001,20,0.0,200,done,done,done,/kaggle/working/Few-Shot-KWS/results/paper_full_reproduction/exp_091/2026-10-02 11:00:59,0.0,15.736949467658995,0.6747216874361036,0.0199767009860583,0.7064000141620635,0.0139029890912372,
92,4,5,3,False,False,True,5,15,200,100,200,TCResNet8Dilated,Adam,0.001,20,0.0,200,done,done,done,/kaggle/working/Few-Shot-KWS/results/paper_full_reproduction/exp_092/2026-10-02 11:01:25,0.0,15.891760814189912,0.4871654474735261,0.0248017755409932,0.8273333519697192,0.01086351838016,
93,4,5,4,True,True,False,5,15,200,100,200,TCResNet8Dilated,Adam,0.001,20,0.0,200,done,done,done,/kaggle/working/Few-Shot-KWS/results/paper_full_reproduction/exp_093/2026-10-02 11:13:34,0.0,15.95622307062149,0.7252090761065486,0.0274671031989735,0.6792000114917757,0.0156704060430117,
94,4,5,5,True,False,True,5,15,200,100,200,TCResNet8Dilated,Adam,0.001,20,0.0,200,done,done,done,/kaggle/working/Few-Shot-KWS/results/paper_full_reproduction/exp_094/2026-10-02 11:14:17,0.0,16.03547123670578,0.5589674420654774,0.0281492101926332,0.810400019288063,0.0118080339923992,
95,4,5,6,False,True,True,5,15,200,100,200,TCResNet8Dilated,Adam,0.001,20,0.0,200,done,done,done,/kaggle/working/Few-Shot-KWS/results/paper_full_reproduction/exp_095/2026-10-02 11:16:43,0.0,15.91823501586914,0.4357337000966073,0.0192928860893671,0.8526666885614397,0.0092892726281365,
96,4,5,7,True,True,True,5,15,200,100,200,TCResNet8Dilated,Adam,0.001,20,0.0,200,done,done,done,/kaggle/working/Few-Shot-KWS/results/paper_full_reproduction/exp_096/2026-10-02 11:17:19,0.0,15.708908633391063,0.4688357885181902,0.0252217464776272,0.8393333584070205,0.0088930029418881,
97,4,10,0,False,False,False,5,15,200,100,200,TCResNet8Dilated,Adam,0.001,20,0.0,200,done,done,done,/kaggle/working/Few-Shot-KWS/results/paper_full_reproduction/exp_097/2026-10-02 11:44:58,0.0,15.600886122385662,0.3339488232135774,0.0226244840288987,0.880333377718926,0.0089717617947209,
98,4,10,1,True,False,False,5,15,200,100,200,TCResNet8Dilated,Adam,0.001,20,0.0,200,done,done,done,/kaggle/working/Few-Shot-KWS/results/paper_full_reproduction/exp_098/2026-10-02 11:44:58,0.0,15.488781523704528,0.3346221987903117,0.0245681718506685,0.8850000476837159,0.0082078089999552,
99,4,10,2,False,True,False,5,15,200,100,200,TCResNet8Dilated,Adam,0.001,20,0.0,200,done,done,done,/kaggle/working/Few-Shot-KWS/results/paper_full_reproduction/exp_099/2026-10-02 11:44:58,0.0,16.082560590902965,0.5580707916617395,0.0218933612964456,0.7408000147342679,0.0148916692572133,
100,4,10,3,False,False,True,5,15,200,100,200,TCResNet8Dilated,Adam,0.001,20,0.0,200,done,done,done,/kaggle/working/Few-Shot-KWS/results/paper_full_reproduction/exp_100/2026-10-02 11:44:58,0.0,16.415925653775535,0.4477763485908507,0.0186944461506981,0.8558666855096817,0.0078064471207391,
101,4,10,4,True,True,False,5,15,200,100,200,TCResNet8Dilated,Adam,0.001,20,0.0,200,done,done,done,/kaggle/working/Few-Shot-KWS/results/paper_full_reproduction/exp_101/2026-10-02 12:00:27,0.0,15.864249285062154,0.6217257302999496,0.0226555142419108,0.7230666834115985,0.0143948199086589,
102,4,10,5,True,False,True,5,15,200,100,200,TCResNet8Dilated,Adam,0.001,20,0.0,200,done,done,done,/kaggle/working/Few-Shot-KWS/results/paper_full_reproduction/exp_102/2026-10-02 12:00:34,0.0,16.135713227589925,0.4576782935857772,0.0219071166642469,0.8485333555936811,0.0088409683882254,
103,4,10,6,False,True,True,5,15,200,100,200,TCResNet8Dilated,Adam,0.001,20,0.0,200,done,done,done,/kaggle/working/Few-Shot-KWS/results/paper_full_reproduction/exp_103/2026-10-02 12:01:03,0.0,16.906087025006613,0.3743610706925392,0.0182337322094036,0.8717777991294862,0.0077595388269697,
104,4,10,7,True,True,True,5,15,200,100,200,TCResNet8Dilated,Adam,0.001,20,0.0,200,done,done,done,/kaggle/working/Few-Shot-KWS/results/paper_full_reproduction/exp_104/2026-10-02 12:01:23,0.0,16.935030221939087,0.4331085173785686,0.0207417513814642,0.8541111361980437,0.0073878297064565,
105,4,15,0,False,False,False,5,15,200,100,200,TCResNet8Dilated,Adam,0.001,20,0.0,200,done,done,done,/kaggle/working/Few-Shot-KWS/results/paper_full_reproduction/exp_105/2026-10-02 12:16:19,0.0,15.674233690897625,0.3133502718806268,0.0208959222934661,0.8936667090654375,0.0092369614354976,
106,4,15,1,True,False,False,5,15,200,100,200,TCResNet8Dilated,Adam,0.001,20,0.0,200,done,done,done,/kaggle/working/Few-Shot-KWS/results/paper_full_reproduction/exp_106/2026-10-02 12:16:42,0.0,15.691769341627756,0.3317721632868051,0.0219139860364491,0.8806667083501816,0.0097362187021352,
107,4,15,2,False,True,False,5,15,200,100,200,TCResNet8Dilated,Adam,0.001,20,0.0,200,done,done,done,/kaggle/working/Few-Shot-KWS/results/paper_full_reproduction/exp_107/2026-10-02 12:17:57,0.0,16.33696868419647,0.6505983093380929,0.0230429361662871,0.7093333488702773,0.0153913741160046,
108,4,15,3,False,False,True,5,15,200,100,200,TCResNet8Dilated,Adam,0.001,20,0.0,200,done,done,done,/kaggle/working/Few-Shot-KWS/results/paper_full_reproduction/exp_108/2026-10-02 12:18:19,0.0,16.82350503206253,0.4425419031083584,0.0215970703517163,0.8530666881799699,0.0084292203232378,
109,4,15,4,True,True,False,5,15,200,100,200,TCResNet8Dilated,Adam,0.001,20,0.0,200,done,done,done,/kaggle/working/Few-Shot-KWS/results/paper_full_reproduction/exp_109/2026-10-02 12:32:00,0.0,16.543364628156027,0.5844986906647687,0.022677607799226,0.7312000179290773,0.0140595973844074,
110,4,15,5,True,False,True,5,15,200,100,200,TCResNet8Dilated,Adam,0.001,20,0.0,200,done,done,done,/kaggle/working/Few-Shot-KWS/results/paper_full_reproduction/exp_110/2026-10-02 12:32:24,0.0,16.858185493946074,0.4912299612164497,0.0240826101030744,0.832933354973793,0.0097035183898317,
111,4,15,6,False,True,True,5,15,200,100,200,TCResNet8Dilated,Adam,0.001,20,0.0,200,done,done,done,/kaggle/working/Few-Shot-KWS/results/paper_full_reproduction/exp_111/2026-10-02 12:34:18,0.0,17.334269507726034,0.3716847869753837,0.0167507858617337,0.8744444674253466,0.0070957337585868,
112,4,15,7,True,True,True,5,15,200,100,200,TCResNet8Dilated,Adam,0.001,20,0.0,200,done,done,done,/kaggle/working/Few-Shot-KWS/results/paper_full_reproduction/exp_112/2026-10-02 12:35:09,0.0,17.399460621674855,0.4296234180033206,0.0170273831241729,0.8577778023481369,0.0061206749216382,
113,4,20,0,False,False,False,5,15,200,100,200,TCResNet8Dilated,Adam,0.001,20,0.0,200,done,done,done,/kaggle/working/Few-Shot-KWS/results/paper_full_reproduction/exp_113/2026-10-02 12:48:32,0.0,15.97377819220225,0.2430657266080379,0.0145584733467254,0.9101667129993436,0.0073103150815534,
114,4,20,1,True,False,False,5,15,200,100,200,TCResNet8Dilated,Adam,0.001,20,0.0,200,done,done,done,/kaggle/working/Few-Shot-KWS/results/paper_full_reproduction/exp_114/2026-10-02 12:49:15,0.0,15.9896160364151,0.389450606405735,0.020016656579519,0.864666712284088,0.0099504105674574,
115,4,20,2,False,True,False,5,15,200,100,200,TCResNet8Dilated,Adam,0.001,20,0.0,200,done,done,done,/kaggle/working/Few-Shot-KWS/results/paper_full_reproduction/exp_115/2026-10-02 12:51:38,0.0,15.874203550815585,0.5722987169027327,0.0245751007966644,0.7360000163316723,0.0150926591554368,
116,4,20,3,False,False,True,5,15,200,100,200,TCResNet8Dilated,Adam,0.001,20,0.0,200,done,done,done,/kaggle/working/Few-Shot-KWS/results/paper_full_reproduction/exp_116/2026-10-02 12:52:33,0.0,15.763380626837412,0.4534397347271442,0.0239245392063267,0.8529333537817,0.0087305313721022,
117,4,20,4,True,True,False,5,15,200,100,200,TCResNet8Dilated,Adam,0.001,20,0.0,200,done,done,done,/kaggle/working/Few-Shot-KWS/results/paper_full_reproduction/exp_117/2026-10-02 13:10:24,0.0,16.922279560565947,0.5447734196484091,0.0242007185612881,0.7496000170707701,0.0141615794447222,
118,4,20,5,True,False,True,5,15,200,100,200,TCResNet8Dilated,Adam,0.001,20,0.0,200,done,done,done,/kaggle/working/Few-Shot-KWS/results/paper_full_reproduction/exp_118/2026-10-02 13:10:24,0.0,17.255909502506256,0.4383315303921699,0.020876551095747,0.8562666845321656,0.0072937253619089,
119,4,20,6,False,True,True,5,15,200,100,200,TCResNet8Dilated,Adam,0.001,20,0.0,200,done,done,done,/kaggle/working/Few-Shot-KWS/results/paper_full_reproduction/exp_119/2026-10-02 13:10:24,0.0,18.08334323565165,0.342632150799036,0.0156015630937663,0.8910000216960909,0.0058705412714303,
120,4,20,7,True,True,True,5,15,200,100,200,TCResNet8Dilated,Adam,0.001,20,0.0,200,done,done,done,/kaggle/working/Few-Shot-KWS/results/paper_full_reproduction/exp_120/2026-10-02 13:10:24,0.0,18.24280123313268,0.4256983786821365,0.0186246119362488,0.8536666905879972,0.0077139348499139,
121,5,1,0,False,False,False,5,15,200,100,200,TCResNet8Dilated,Adam,0.001,20,0.0,200,done,done,done,/kaggle/working/Few-Shot-KWS/results/paper_full_reproduction/exp_121/2026-10-02 13:27:19,0.0,15.927488414446511,0.930727617442608,0.0506034928170367,0.6586666804552075,0.0165740195265878,
122,5,1,1,True,False,False,5,15,200,100,200,TCResNet8Dilated,Adam,0.001,20,0.0,200,done,done,done,/kaggle/working/Few-Shot-KWS/results/paper_full_reproduction/exp_122/2026-10-02 13:27:40,0.0,15.96206733783086,0.9851428920030594,0.0500448517007246,0.6240000131726268,0.0164276952518859,
123,5,1,2,False,True,False,5,15,200,100,200,TCResNet8Dilated,Adam,0.001,20,0.0,200,done,done,done,/kaggle/working/Few-Shot-KWS/results/paper_full_reproduction/exp_123/2026-10-02 13:28:29,0.0,17.030791970094047,1.106527720689774,0.0576415265735393,0.5875555634498597,0.0147323460683381,
124,5,1,3,False,False,True,5,15,200,100,200,TCResNet8Dilated,Adam,0.001,20,0.0,200,done,done,done,/kaggle/working/Few-Shot-KWS/results/paper_full_reproduction/exp_124/2026-10-02 13:28:39,0.0,17.15290410121282,1.1186253601312637,0.0547015980270301,0.6082222327589987,0.019797280322002,
125,5,1,4,True,True,False,5,15,200,100,200,TCResNet8Dilated,Adam,0.001,20,0.0,200,done,done,done,/kaggle/working/Few-Shot-KWS/results/paper_full_reproduction/exp_125/2026-10-02 13:43:15,0.0,16.731993889808656,1.2346871489286424,0.0559473174036128,0.5378888969123362,0.0165017602169168,
126,5,1,5,True,False,True,5,15,200,100,200,TCResNet8Dilated,Adam,0.001,20,0.0,200,done,done,done,/kaggle/working/Few-Shot-KWS/results/paper_full_reproduction/exp_126/2026-10-02 13:43:37,0.0,16.96241396268209,1.229073236584663,0.0644389101432635,0.5863333433866502,0.0197275515442254,
127,5,1,6,False,True,True,5,15,200,100,200,TCResNet8Dilated,Adam,0.001,20,0.0,200,done,done,done,/kaggle/working/Few-Shot-KWS/results/paper_full_reproduction/exp_127/2026-10-02 13:45:31,0.0,17.64891951084137,0.9500096422433852,0.0475138171720215,0.6797143045067786,0.015955767279017,
128,5,1,7,True,True,True,5,15,200,100,200,TCResNet8Dilated,Adam,0.001,20,0.0,200,done,done,done,/kaggle/working/Few-Shot-KWS/results/paper_full_reproduction/exp_128/2026-10-02 13:45:48,0.0,17.659291632970174,0.9650096851587296,0.0406105792825507,0.650095258951187,0.0149865507436606,
129,5,5,0,False,False,False,5,15,200,100,200,TCResNet8Dilated,Adam,0.001,20,0.0,200,done,done,done,/kaggle/working/Few-Shot-KWS/results/paper_full_reproduction/exp_129/2026-10-02 13:59:59,0.0,16.580500638484956,0.4871928530931472,0.0205862968826845,0.8389333528280258,0.0100129910864179,
130,5,5,1,True,False,False,5,15,200,100,200,TCResNet8Dilated,Adam,0.001,20,0.0,200,done,done,done,/kaggle/working/Few-Shot-KWS/results/paper_full_reproduction/exp_130/2026-10-02 14:00:35,0.0,16.600434815883638,0.5038163875043391,0.0257492610654585,0.8229333508014677,0.01009122608558,
131,5,5,2,False,True,False,5,15,200,100,200,TCResNet8Dilated,Adam,0.001,20,0.0,200,done,done,done,/kaggle/working/Few-Shot-KWS/results/paper_full_reproduction/exp_131/2026-10-02 14:03:10,0.0,17.30639705657959,0.7835372728109362,0.0202991960492762,0.6674444568157194,0.0100979648712839,
132,5,5,3,False,False,True,5,15,200,100,200,TCResNet8Dilated,Adam,0.001,20,0.0,200,done,done,done,/kaggle/working/Few-Shot-KWS/results/paper_full_reproduction/exp_132/2026-10-02 14:03:27,0.0,17.601513346036274,0.4663566440343857,0.0197607986412446,0.8416666913032529,0.0077469040620661,
133,5,5,4,True,True,False,5,15,200,100,200,TCResNet8Dilated,Adam,0.001,20,0.0,200,done,done,done,/kaggle/working/Few-Shot-KWS/results/paper_full_reproduction/exp_133/2026-10-02 14:16:34,0.0,17.48520224094391,0.7920881408452989,0.0219684658177784,0.6535555672645567,0.0103885146345805,
134,5,5,5,True,False,True,5,15,200,100,200,TCResNet8Dilated,Adam,0.001,20,0.0,200,done,done,done,/kaggle/working/Few-Shot-KWS/results/paper_full_reproduction/exp_134/2026-10-02 14:17:11,0.0,17.801667829354603,0.6515319758653645,0.0246478236312914,0.7845555800199508,0.0092752099231817,
135,5,5,6,False,True,True,5,15,200,100,200,TCResNet8Dilated,Adam,0.001,20,0.0,200,done,done,done,/kaggle/working/Few-Shot-KWS/results/paper_full_reproduction/exp_135/2026-10-02 14:20:29,0.0,17.181046561400095,0.4647038444876671,0.0159786208014795,0.8429523926973342,0.0071855957883429,
136,5,5,7,True,True,True,5,15,200,100,200,TCResNet8Dilated,Adam,0.001,20,0.0,200,done,done,done,/kaggle/working/Few-Shot-KWS/results/paper_full_reproduction/exp_136/2026-10-02 14:21:04,0.0,16.96377005179723,0.5727110910415648,0.0193924050789196,0.8057142972946169,0.0085108284038264,
137,5,10,0,False,False,False,5,15,200,100,200,TCResNet8Dilated,Adam,0.001,20,0.0,200,done,done,done,/kaggle/working/Few-Shot-KWS/results/paper_full_reproduction/exp_137/2026-10-02 14:45:02,0,16.466054662068686,0.4273179233074188,0.01409965970388711,0.8485333561897278,0.0088565604044105,
138,5,10,1,True,False,False,5,15,200,100,200,TCResNet8Dilated,Adam,0.001,20,0.0,200,done,done,done,/kaggle/working/Few-Shot-KWS/results/paper_full_reproduction/exp_138/2026-10-02 14:45:02,0,16.533246715863545,0.3747297061979772,0.01802739509138298,0.8741333544254305,0.006750867829054373,
139,5,10,2,False,True,False,5,15,200,100,200,TCResNet8Dilated,Adam,0.001,20,0.0,200,done,done,done,/kaggle/working/Few-Shot-KWS/results/paper_full_reproduction/exp_139/2026-10-02 14:45:02,0,17.079267573356628,0.6360710060596465,0.019428404057357414,0.7213333559036256,0.009033359483577105,
140,5,10,3,False,False,True,5,15,200,100,200,TCResNet8Dilated,Adam,0.001,20,0.0,200,done,done,done,/kaggle/working/Few-Shot-KWS/results/paper_full_reproduction/exp_140/2026-10-02 14:45:02,0,17.3897009174029,0.5179034093022351,0.018700727234476702,0.8310000252723694,0.008120789526909918,
141,5,10,4,True,True,False,5,15,200,100,200,TCResNet8Dilated,Adam,0.001,20,0.0,200,done,done,done,/kaggle/working/Few-Shot-KWS/results/paper_full_reproduction/exp_141/2026-10-02 15:01:30,0,17.483845150470735,0.638143100440502,0.017852878631930174,0.7224444615840915,0.00831713280585052,
142,5,10,5,True,False,True,5,15,200,100,200,TCResNet8Dilated,Adam,0.001,20,0.0,200,done,done,done,/kaggle/working/Few-Shot-KWS/results/paper_full_reproduction/exp_142/2026-10-02 15:01:34,0,17.71999764442444,0.5580247455835343,0.0217068241155522,0.8174444687366486,0.008301419805028642,
143,5,10,6,False,True,True,5,15,200,100,200,TCResNet8Dilated,Adam,0.001,20,0.0,200,done,done,done,/kaggle/working/Few-Shot-KWS/results/paper_full_reproduction/exp_143/2026-10-02 15:02:07,0,18.31090256770452,0.46719620227813713,0.016998138693546293,0.8435238194465636,0.007045912542067321,
144,5,10,7,True,True,True,5,15,200,100,200,TCResNet8Dilated,Adam,0.001,20,0.0,200,done,done,done,/kaggle/working/Few-Shot-KWS/results/paper_full_reproduction/exp_144/2026-10-02 15:02:25,0,18.39169706106186,0.5332613834738732,0.01944034798338656,0.8244762009382249,0.007125388776469876,
145,5,15,0,False,False,False,5,15,200,100,200,TCResNet8Dilated,Adam,0.001,20,0.0,200,done,done,done,/kaggle/working/Few-Shot-KWS/results/paper_full_reproduction/exp_145/2026-10-02 15:18:59,0,17.094804763793945,0.3292729477584361,0.013864173625724781,0.8897333538532254,0.006323866166328905,
146,5,15,1,True,False,False,5,15,200,100,200,TCResNet8Dilated,Adam,0.001,20,0.0,200,done,done,done,/kaggle/working/Few-Shot-KWS/results/paper_full_reproduction/exp_146/2026-10-02 15:19:17,0,17.090234824021657,0.34959454387426364,0.015789437179376052,0.8852000170946123,0.0065493637861911095,
147,5,15,2,False,True,False,5,15,200,100,200,TCResNet8Dilated,Adam,0.001,20,0.0,200,done,done,done,/kaggle/working/Few-Shot-KWS/results/paper_full_reproduction/exp_147/2026-10-02 15:20:25,0,17.69903079668681,0.6151550725102422,0.019087198242715254,0.7270000171661378,0.009308002814550036,
148,5,15,3,False,False,True,5,15,200,100,200,TCResNet8Dilated,Adam,0.001,20,0.0,200,done,done,done,/kaggle/working/Few-Shot-KWS/results/paper_full_reproduction/exp_148/2026-10-02 15:20:49,0,17.94987361431122,0.5731854751706122,0.019606953237397005,0.8058889144659042,0.008569476642930823,
149,5,15,4,True,True,False,5,15,200,100,200,TCResNet8Dilated,Adam,0.001,20,0.0,200,done,done,done,/kaggle/working/Few-Shot-KWS/results/paper_full_reproduction/exp_149/2026-10-02 15:36:05,0,17.407640012105308,0.6375811529159549,0.014202198686225867,0.7200000184774399,0.008414596470747847,
150,5,15,5,True,False,True,5,15,200,100,200,TCResNet8Dilated,Adam,0.001,20,0.0,200,done,done,done,/kaggle/working/Few-Shot-KWS/results/paper_full_reproduction/exp_150/2026-10-02 15:36:22,0,17.706768198808035,0.5366992127895354,0.019892643560547107,0.8155555802583695,0.007719801446400308,
151,5,15,6,False,True,True,5,15,200,100,200,TCResNet8Dilated,Adam,0.001,20,0.0,200,done,done,done,/kaggle/working/Few-Shot-KWS/results/paper_full_reproduction/exp_151/2026-10-02 15:38:07,0,18.535827100276947,0.41705877214670184,0.017716091888891606,0.8593333441019059,0.0065948890856023555,
152,5,15,7,True,True,True,5,15,200,100,200,TCResNet8Dilated,Adam,0.001,20,0.0,200,done,done,done,/kaggle/working/Few-Shot-KWS/results/paper_full_reproduction/exp_152/2026-10-02 15:38:46,0,18.361422884464265,0.4530095368623732,0.01614915006120101,0.8507619148492813,0.006939204465237121,
153,5,20,0,False,False,False,5,15,200,100,200,TCResNet8Dilated,Adam,0.001,20,0.0,200,done,done,done,/kaggle/working/Few-Shot-KWS/results/paper_full_reproduction/exp_153/2026-10-02 15:53:29,0,17.27730804681778,0.33475791692733764,0.016496918907908633,0.8873333567380904,0.007497033258879888,
154,5,20,1,True,False,False,5,15,200,100,200,TCResNet8Dilated,Adam,0.001,20,0.0,200,done,done,done,/kaggle/working/Few-Shot-KWS/results/paper_full_reproduction/exp_154/2026-10-02 15:54:05,0,17.28790312210719,0.43297406047582637,0.01701274006307558,0.85146668612957,0.008551422519614387,
155,5,20,2,False,True,False,5,15,200,100,200,TCResNet8Dilated,Adam,0.001,20,0.0,200,done,done,done,/kaggle/working/Few-Shot-KWS/results/paper_full_reproduction/exp_155/2026-10-02 15:56:40,0,17.679955557982126,0.5950274908542631,0.017370756873218367,0.7281111294031145,0.008400094419783552,
156,5,20,3,False,False,True,5,15,200,100,200,TCResNet8Dilated,Adam,0.001,20,0.0,200,done,done,done,/kaggle/working/Few-Shot-KWS/results/paper_full_reproduction/exp_156/2026-10-02 15:57:08,0,17.905431191126507,0.44927336141467095,0.02060255556272288,0.8596666890382764,0.007283339504805486,
157,5,20,4,True,True,False,5,15,200,100,200,TCResNet8Dilated,Adam,0.001,20,0.0,200,done,done,done,/kaggle/working/Few-Shot-KWS/results/paper_full_reproduction/exp_157/2026-10-02 16:10:46,0,17.618916483720145,0.6618779137730602,0.017361696431862073,0.7091111302375791,0.008795287769313577,
158,5,20,5,True,False,True,5,15,200,100,200,TCResNet8Dilated,Adam,0.001,20,0.0,200,done,done,done,/kaggle/working/Few-Shot-KWS/results/paper_full_reproduction/exp_158/2026-10-02 16:11:22,0,17.924237565199533,0.5735203278064728,0.01744842814580263,0.8061111354827879,0.008325161786923614,
159,5,20,6,False,True,True,5,15,200,100,200,TCResNet8Dilated,Adam,0.001,20,0.0,200,done,done,done,/kaggle/working/Few-Shot-KWS/results/paper_full_reproduction/exp_159/2026-10-02 16:14:20,0,17.6411651968956,0.4019377641379834,0.014349210486767206,0.8676190584897998,0.006286936858549828,
160,5,20,7,True,True,True,5,15,200,100,200,TCResNet8Dilated,Adam,0.001,20,0.0,200,done,done,done,/kaggle/working/Few-Shot-KWS/results/paper_full_reproduction/exp_160/2026-10-02 16:15:02,0,17.480725995699565,0.43888485521078097,0.016352497958256072,0.8560952508449555,0.006742876617655956,
