exp,way,shot,bg,silence,unknown,acc_mean,acc_ci,loss_mean,loss_ci
exp_001,2,1,False,False,False,0.8540000399947165,0.027543508388039567,0.32201096110045907,0.04871152040887154
exp_002,2,1,True,False,False,0.8720000380277633,0.0223391402294238,0.30072630370967085,0.042558805039682
exp_003,2,1,False,True,False,0.662000016272068,0.02921660986481985,0.761772335767746,0.052408930426306385
exp_004,2,1,False,False,True,0.7906666782498362,0.022587040713960387,0.5436404410004616,0.05018837575714026
exp_005,2,1,True,True,False,0.6333333492279052,0.028588112248017522,0.8175076356530189,0.049349569178406924
exp_006,2,1,True,False,True,0.6804444599151611,0.028929797589207377,0.7588117974996569,0.06001513349960199
exp_007,2,1,False,True,True,0.8010000434517863,0.02427656281364865,0.5626704144477844,0.07337387016430205
exp_008,2,1,True,True,True,0.7816667127609254,0.022187213290688713,0.5905887754261493,0.06965183587538769
exp_009,2,5,False,False,False,0.9266666996479037,0.017372654826152575,0.1778002450912027,0.03298086706064065
exp_010,2,5,True,False,False,0.9196667033433913,0.01614001521988725,0.20625897066667673,0.03420950281641065
exp_011,2,5,False,True,False,0.7740000131726267,0.02878553481764302,0.46740561679005616,0.0444332480201687
exp_012,2,5,False,False,True,0.8668888968229296,0.013946229770537038,0.38250470228493216,0.031081755732284028
exp_013,2,5,True,True,False,0.776888901591301,0.028831198924392436,0.47513010501861574,0.04538620590748537
exp_014,2,5,True,False,True,0.8204444548487663,0.018548197548441402,0.4437977950274946,0.03222389496886216
exp_015,2,5,False,True,True,0.8955000424385071,0.012034831054527344,0.29481197953224186,0.026984376077976612
exp_016,2,5,True,True,True,0.876666709184647,0.013287527662957882,0.3411910465359689,0.02777255911279991
exp_017,2,10,False,False,False,0.9483333641290663,0.011311299212568867,0.1329562534403521,0.02319582097381006
exp_018,2,10,True,False,False,0.940333368182182,0.012537746527694951,0.15710388710140244,0.02743170170403153
exp_019,2,10,False,True,False,0.7920000123977664,0.028967791806502535,0.4056533674895763,0.039367012613454044
exp_020,2,10,False,False,True,0.8626666748523711,0.017839364222058084,0.3952527612447737,0.04121768328409892
exp_021,2,10,True,True,False,0.7891111236810685,0.02837952438160853,0.4156282138824463,0.03872819779039394
exp_022,2,10,True,False,True,0.8404444539546968,0.01462870423629905,0.4527779501676559,0.03637951622235105
exp_023,2,10,False,True,True,0.9128333759307863,0.00972663775909071,0.2813323537632824,0.027917718831351947
exp_024,2,10,True,True,True,0.8795000445842744,0.012620653039975819,0.3047779495269059,0.024695172003611512
exp_025,2,15,False,False,False,0.9540000295639038,0.01065999148381148,0.124006538966787,0.02503496576595835
exp_026,2,15,True,False,False,0.9400000315904617,0.013616057513325747,0.1575994299491867,0.030067245542013087
exp_027,2,15,False,True,False,0.7917777901887895,0.02973900081907339,0.3958922821283342,0.041334646455197604
exp_028,2,15,False,False,True,0.8804444515705112,0.011758777138097132,0.32556860692799094,0.025803655529284642
exp_029,2,15,True,True,False,0.7922222346067428,0.027625965018240235,0.4055686651915312,0.03834664113859385
exp_030,2,15,True,False,True,0.8671111190319061,0.01276218918680723,0.36880131587386134,0.032716665238220796
exp_031,2,15,False,True,True,0.9198333764076235,0.009846032956812257,0.23464313257485625,0.020716313310604903
exp_032,2,15,True,True,True,0.8896667104959488,0.012594363360112451,0.29741998534649605,0.027044511432474456
exp_033,2,20,False,False,False,0.9523333626985552,0.010055363262554054,0.13116711300564926,0.023644237648752425
exp_034,2,20,True,False,False,0.9430000358819959,0.010057077980900707,0.1492968087270856,0.02352048980943417
exp_035,2,20,False,True,False,0.792888901233673,0.02974045058346403,0.4010358926281332,0.039807280805589484
exp_036,2,20,False,False,True,0.8862222290039062,0.010121017214678963,0.30303264118731027,0.0242331215494655
exp_037,2,20,True,True,False,0.7953333455324176,0.02790835936398775,0.38930616836994897,0.0381837530013759
exp_038,2,20,True,False,True,0.8691111189126967,0.012594647653483507,0.3516738677024842,0.026922947713261085
exp_039,2,20,False,True,True,0.9200000476837159,0.009027097382957401,0.22584696341305965,0.02204669196182452
exp_040,2,20,True,True,True,0.9031667113304139,0.00870733588848929,0.2645183372497559,0.02096996167960919
exp_041,3,1,False,False,False,0.7766666789352894,0.024696033721250305,0.5586228544637563,0.05652730299060373
exp_042,3,1,True,False,False,0.7904444557428358,0.02195964313525379,0.5351408195495604,0.04494658699676039
exp_043,3,1,False,True,False,0.6483333709836007,0.021636258670276305,0.8100503632426264,0.04458028851726199
exp_044,3,1,False,False,True,0.730833376944065,0.021917770978112625,0.7204661880433562,0.05096258911176813
exp_045,3,1,True,True,False,0.620166701078415,0.019077717499493697,0.8925362434983254,0.04714227019852064
exp_046,3,1,True,False,True,0.6786667039990425,0.021474139257006204,0.8342247694730759,0.05478311851445568
exp_047,3,1,False,True,True,0.780133349299431,0.01914822179432262,0.6143523173034192,0.05294508494847662
exp_048,3,1,True,True,True,0.7325333470106126,0.020105399091454163,0.7446891266107555,0.0565239803679398
exp_049,3,5,False,False,False,0.9068888944387435,0.011051686506612977,0.2551355013251303,0.02289367820622782
exp_050,3,5,True,False,False,0.8913333398103713,0.010338589610987223,0.28881172731518734,0.022890345040408426
exp_051,3,5,False,True,False,0.7380000418424608,0.020121449765934753,0.5537330876290796,0.030401191022394847
exp_052,3,5,False,False,True,0.8556667119264605,0.010701371358865537,0.4235244089365006,0.02965076040649564
exp_053,3,5,True,True,False,0.7011667066812516,0.017632880294612425,0.6760913914442062,0.031925364331874366
exp_054,3,5,True,False,True,0.8156667113304139,0.012265180032947442,0.49167528808116906,0.025261281076001573
exp_055,3,5,False,True,True,0.8744000226259229,0.00897770945360215,0.3647710809111594,0.022129859199029635
exp_056,3,5,True,True,True,0.866800019741058,0.008408858198575796,0.3765741324424744,0.019477584876098623
exp_057,3,10,False,False,False,0.9280000042915344,0.008074555412043575,0.20407895833253867,0.017287000603034133
exp_058,3,10,True,False,False,0.8904444509744645,0.011847663570868368,0.2774708741903305,0.020226103600762803
exp_059,3,10,False,True,False,0.7420000422000885,0.021819709957293962,0.5095070724189285,0.03435350306283233
exp_060,3,10,False,False,True,0.8755000436306,0.010081434287132679,0.376018309891224,0.024169631483211156
exp_061,3,10,True,True,False,0.7385000413656236,0.01944371563423572,0.5299776732921601,0.029967391028919092
exp_062,3,10,True,False,True,0.8520000451803209,0.01102934024050396,0.41760689541697493,0.027063603127589726
exp_063,3,10,False,True,True,0.8849333548545838,0.007591036346739443,0.3615906513482331,0.023547396895077306
exp_064,3,10,True,True,True,0.8745333546400071,0.007345702560358491,0.35720487400889406,0.017615852429835585
exp_065,3,15,False,False,False,0.9217777824401854,0.009337111435759427,0.20038672037422658,0.019969294154067736
exp_066,3,15,True,False,False,0.9200000047683715,0.008733080640884527,0.21947811685502527,0.01876401736681794
exp_067,3,15,False,True,False,0.7506667047739026,0.021678165036316286,0.5005915118753912,0.03080347405703005
exp_068,3,15,False,False,True,0.8753333777189257,0.010480108742542103,0.3613115886598826,0.024293334180468557
exp_069,3,15,True,True,False,0.7463333719968797,0.02095846999594034,0.5031518644094467,0.030989090369445433
exp_070,3,15,True,False,True,0.8693333804607393,0.009911771055051716,0.3777340978384019,0.026042057146057018
exp_071,3,15,False,True,True,0.9061333578824996,0.007428118340970462,0.27371122010052196,0.017868101342617165
exp_072,3,15,True,True,True,0.887733356952667,0.008156368448011032,0.32981910109519963,0.022792216911250208
exp_073,3,20,False,False,False,0.9304444485902785,0.009722677802598919,0.1962385070882738,0.020152282635561028
exp_074,3,20,True,False,False,0.9042222279310225,0.010663408481656384,0.2653424816019833,0.024194143698285753
exp_075,3,20,False,True,False,0.7548333722352981,0.021054501252031437,0.47631808146834387,0.029088465948485416
exp_076,3,20,False,False,True,0.8820000445842745,0.011072257861021484,0.3298794936388731,0.025633827091422284
exp_077,3,20,True,True,False,0.7465000420808793,0.019491332647786668,0.5176678150892257,0.028511281577444526
exp_078,3,20,True,False,True,0.8715000468492509,0.009786737373054268,0.3821389047801495,0.02355398227986679
exp_079,3,20,False,True,True,0.909200024008751,0.0077354300444264345,0.25457011952996256,0.019260094907563568
exp_080,3,20,True,True,True,0.8973333561420442,0.0095750206458578,0.31456612139940265,0.027992812663057958
exp_081,4,1,False,False,False,0.7260000401735303,0.019711432764871056,0.7289740824699399,0.05048442483609211
exp_082,4,1,True,False,False,0.7230000406503675,0.02316769020528746,0.7631227195262907,0.06242600836799337
exp_083,4,1,False,True,False,0.5896000167727468,0.016906085502265477,0.9962481963634492,0.04412525371723243
exp_084,4,1,False,False,True,0.6941333481669427,0.019717363894089082,0.8068272578716277,0.044044499836517516
exp_085,4,1,True,True,False,0.5705333471298218,0.018405348639511817,1.0734376960992809,0.05088159944464404
exp_086,4,1,True,False,True,0.6456000149250029,0.019489896365607072,0.9715725418925287,0.05531430827418835
exp_087,4,1,False,True,True,0.7390000200271608,0.018108497070479658,0.7952974039316175,0.06686457381589425
exp_088,4,1,True,True,True,0.7146666854619981,0.015758629818156712,0.8063915836811069,0.05114906649663468
exp_089,4,5,False,False,False,0.8873333793878555,0.008811012945863953,0.3240373778343202,0.021023692729113246
exp_090,4,5,True,False,False,0.856000046133995,0.011425269652278932,0.390064833983779,0.024438541167765646
exp_091,4,5,False,True,False,0.7064000141620635,0.013902989091237236,0.6747216874361036,0.01997670098605838
exp_092,4,5,False,False,True,0.8273333519697192,0.010863518380160019,0.4871654474735261,0.024801775540993266
exp_093,4,5,True,True,False,0.6792000114917757,0.015670406043011707,0.7252090761065486,0.02746710319897356
exp_094,4,5,True,False,True,0.810400019288063,0.011808033992399292,0.5589674420654774,0.02814921019263323
exp_095,4,5,False,True,True,0.8526666885614397,0.009289272628136572,0.4357337000966073,0.019292886089367186
exp_096,4,5,True,True,True,0.8393333584070205,0.008893002941888186,0.46883578851819024,0.02522174647762727
exp_097,4,10,False,False,False,0.880333377718926,0.00897176179472094,0.3339488232135774,0.02262448402889871
exp_098,4,10,True,False,False,0.8850000476837159,0.008207808999955232,0.3346221987903117,0.0245681718506685
exp_099,4,10,False,True,False,0.7408000147342679,0.014891669257213363,0.5580707916617395,0.021893361296445653
exp_100,4,10,False,False,True,0.8558666855096817,0.007806447120739179,0.44777634859085075,0.018694446150698103
exp_101,4,10,True,True,False,0.7230666834115985,0.014394819908658932,0.6217257302999496,0.02265551424191081
exp_102,4,10,True,False,True,0.8485333555936811,0.008840968388225465,0.4576782935857772,0.021907116664246964
exp_103,4,10,False,True,True,0.8717777991294862,0.007759538826969735,0.3743610706925392,0.018233732209403674
exp_104,4,10,True,True,True,0.8541111361980437,0.007387829706456556,0.43310851737856865,0.02074175138146424
exp_105,4,15,False,False,False,0.8936667090654375,0.00923696143549769,0.31335027188062686,0.020895922293466148
exp_106,4,15,True,False,False,0.8806667083501816,0.009736218702135256,0.3317721632868051,0.021913986036449153
exp_107,4,15,False,True,False,0.7093333488702773,0.01539137411600463,0.6505983093380929,0.02304293616628715
exp_108,4,15,False,False,True,0.8530666881799699,0.00842922032323787,0.44254190310835845,0.021597070351716312
exp_109,4,15,True,True,False,0.7312000179290773,0.01405959738440746,0.5844986906647687,0.022677607799226007
exp_110,4,15,True,False,True,0.832933354973793,0.009703518389831769,0.4912299612164497,0.02408261010307449
exp_111,4,15,False,True,True,0.8744444674253466,0.007095733758586814,0.37168478697538376,0.0167507858617337
exp_112,4,15,True,True,True,0.8577778023481369,0.006120674921638221,0.4296234180033206,0.017027383124172974
exp_113,4,20,False,False,False,0.9101667129993436,0.007310315081553431,0.24306572660803796,0.01455847334672547
exp_114,4,20,True,False,False,0.864666712284088,0.009950410567457432,0.389450606405735,0.02001665657951906
exp_115,4,20,False,True,False,0.7360000163316723,0.015092659155436824,0.5722987169027327,0.024575100796664428
exp_116,4,20,False,False,True,0.8529333537817,0.008730531372102206,0.4534397347271442,0.02392453920632672
exp_117,4,20,True,True,False,0.7496000170707701,0.014161579444722256,0.5447734196484091,0.024200718561288134
exp_118,4,20,True,False,True,0.8562666845321656,0.007293725361908972,0.43833153039216993,0.020876551095747035
exp_119,4,20,False,True,True,0.8910000216960909,0.0058705412714303426,0.34263215079903603,0.015601563093766336
exp_120,4,20,True,True,True,0.8536666905879972,0.007713934849913935,0.42569837868213656,0.01862461193624886
exp_121,5,1,False,False,False,0.6586666804552075,0.016574019526587838,0.9307276174426079,0.05060349281703676
exp_122,5,1,True,False,False,0.6240000131726268,0.01642769525188597,0.9851428920030594,0.05004485170072461
exp_123,5,1,False,True,False,0.5875555634498597,0.014732346068338151,1.1065277206897741,0.05764152657353931
exp_124,5,1,False,False,True,0.6082222327589987,0.019797280322002057,1.1186253601312637,0.0547015980270301
exp_125,5,1,True,True,False,0.5378888969123362,0.016501760216916853,1.2346871489286424,0.05594731740361285
exp_126,5,1,True,False,True,0.5863333433866502,0.01972755154422547,1.229073236584663,0.06443891014326358
exp_127,5,1,False,True,True,0.6797143045067786,0.01595576727901702,0.9500096422433851,0.047513817172021536
exp_128,5,1,True,True,True,0.650095258951187,0.014986550743660601,0.9650096851587296,0.040610579282550734
exp_129,5,5,False,False,False,0.8389333528280258,0.010012991086417962,0.4871928530931472,0.020586296882684527
exp_130,5,5,True,False,False,0.8229333508014677,0.01009122608558007,0.5038163875043391,0.025749261065458502
exp_131,5,5,False,True,False,0.6674444568157194,0.01009796487128398,0.7835372728109362,0.020299196049276276
exp_132,5,5,False,False,True,0.8416666913032529,0.007746904062066122,0.4663566440343857,0.01976079864124462
exp_133,5,5,True,True,False,0.6535555672645567,0.010388514634580558,0.7920881408452989,0.02196846581777847
exp_134,5,5,True,False,True,0.7845555800199508,0.009275209923181755,0.6515319758653645,0.02464782363129141
exp_135,5,5,False,True,True,0.8429523926973342,0.007185595788342927,0.4647038444876671,0.015978620801479576
exp_136,5,5,True,True,True,0.8057142972946169,0.008510828403826408,0.5727110910415648,0.019392405078919674
exp_137,5,10,False,False,False,0.8485333561897278,0.0088565604044105,0.4273179233074188,0.01409965970388711
exp_138,5,10,True,False,False,0.8741333544254305,0.006750867829054373,0.3747297061979772,0.01802739509138298
exp_139,5,10,False,True,False,0.7213333559036256,0.009033359483577105,0.6360710060596465,0.019428404057357414
exp_140,5,10,False,False,True,0.8310000252723694,0.008120789526909918,0.5179034093022351,0.018700727234476702
exp_141,5,10,True,True,False,0.7224444615840915,0.00831713280585052,0.638143100440502,0.017852878631930174
exp_142,5,10,True,False,True,0.8174444687366486,0.008301419805028642,0.5580247455835343,0.0217068241155522
exp_143,5,10,False,True,True,0.8435238194465636,0.007045912542067321,0.46719620227813713,0.016998138693546293
exp_144,5,10,True,True,True,0.8244762009382249,0.007125388776469876,0.5332613834738732,0.01944034798338656
exp_145,5,15,False,False,False,0.8897333538532254,0.006323866166328905,0.3292729477584361,0.013864173625724781
exp_146,5,15,True,False,False,0.8852000170946123,0.0065493637861911095,0.34959454387426364,0.015789437179376052
exp_147,5,15,False,True,False,0.7270000171661378,0.009308002814550036,0.6151550725102422,0.019087198242715254
exp_148,5,15,False,False,True,0.8058889144659042,0.008569476642930823,0.5731854751706122,0.019606953237397005
exp_149,5,15,True,True,False,0.7200000184774399,0.008414596470747847,0.6375811529159549,0.014202198686225867
exp_150,5,15,True,False,True,0.8155555802583695,0.007719801446400308,0.5366992127895354,0.019892643560547107
exp_151,5,15,False,True,True,0.8593333441019059,0.0065948890856023555,0.41705877214670184,0.017716091888891606
exp_152,5,15,True,True,True,0.8507619148492813,0.006939204465237121,0.4530095368623732,0.01614915006120101
exp_153,5,20,False,False,False,0.8873333567380904,0.007497033258879888,0.33475791692733764,0.016496918907908633
exp_154,5,20,True,False,False,0.85146668612957,0.008551422519614387,0.43297406047582637,0.01701274006307558
exp_155,5,20,False,True,False,0.7281111294031145,0.008400094419783552,0.5950274908542631,0.017370756873218367
exp_156,5,20,False,False,True,0.8596666890382764,0.007283339504805486,0.44927336141467095,0.02060255556272288
exp_157,5,20,True,True,False,0.7091111302375791,0.008795287769313577,0.6618779137730602,0.017361696431862073
exp_158,5,20,True,False,True,0.8061111354827879,0.008325161786923614,0.5735203278064728,0.01744842814580263
exp_159,5,20,False,True,True,0.8676190584897998,0.006286936858549828,0.4019377641379834,0.014349210486767206
exp_160,5,20,True,True,True,0.8560952508449555,0.006742876617655956,0.43888485521078097,0.016352497958256072
