path,sample_rate,channels,frames,duration_sec,format,subtype
/kaggle/working/Few-Shot-KWS/speech_commands/core/bed/9e46cfa1.wav,16000,1,16000,1.0,WAV,PCM_16
/kaggle/working/Few-Shot-KWS/speech_commands/core/bed/caa7feaf.wav,16000,1,16000,1.0,WAV,PCM_16
/kaggle/working/Few-Shot-KWS/speech_commands/core/bed/13dce503.wav,16000,1,16000,1.0,WAV,PCM_16
/kaggle/working/Few-Shot-KWS/speech_commands/core/bed/f47d644e.wav,16000,1,16000,1.0,WAV,PCM_16
/kaggle/working/Few-Shot-KWS/speech_commands/core/bed/eb67fcbc.wav,16000,1,16000,1.0,WAV,PCM_16
/kaggle/working/Few-Shot-KWS/speech_commands/core/bed/58df33b5.wav,16000,1,16000,1.0,WAV,PCM_16
/kaggle/working/Few-Shot-KWS/speech_commands/core/bed/238c112c.wav,16000,1,16000,1.0,WAV,PCM_16
/kaggle/working/Few-Shot-KWS/speech_commands/core/bed/551e42e8.wav,16000,1,16000,1.0,WAV,PCM_16
/kaggle/working/Few-Shot-KWS/speech_commands/core/bed/063d48cf.wav,16000,1,16000,1.0,WAV,PCM_16
/kaggle/working/Few-Shot-KWS/speech_commands/core/bed/589bce2c.wav,16000,1,16000,1.0,WAV,PCM_16
/kaggle/working/Few-Shot-KWS/speech_commands/_unknown_/backward/cd671b5f.wav,16000,1,16000,1.0,WAV,PCM_16
/kaggle/working/Few-Shot-KWS/speech_commands/_unknown_/backward/13dce503.wav,16000,1,16000,1.0,WAV,PCM_16
/kaggle/working/Few-Shot-KWS/speech_commands/_unknown_/backward/91ffb786.wav,16000,1,16000,1.0,WAV,PCM_16
/kaggle/working/Few-Shot-KWS/speech_commands/_unknown_/backward/b91b718c.wav,16000,1,16000,1.0,WAV,PCM_16
/kaggle/working/Few-Shot-KWS/speech_commands/_unknown_/backward/31f01a8d.wav,16000,1,16000,1.0,WAV,PCM_16
/kaggle/working/Few-Shot-KWS/speech_commands/_unknown_/backward/b414c653.wav,16000,1,16000,1.0,WAV,PCM_16
/kaggle/working/Few-Shot-KWS/speech_commands/_unknown_/backward/e49428d9.wav,16000,1,16000,1.0,WAV,PCM_16
/kaggle/working/Few-Shot-KWS/speech_commands/_unknown_/backward/a04817c2.wav,16000,1,16000,1.0,WAV,PCM_16
/kaggle/working/Few-Shot-KWS/speech_commands/_unknown_/backward/195c120a.wav,16000,1,16000,1.0,WAV,PCM_16
/kaggle/working/Few-Shot-KWS/speech_commands/_unknown_/backward/ee23b031.wav,16000,1,16000,1.0,WAV,PCM_16
